{
    "position": [ -4045511.5543649, -5178018.66194977, 0.0 ],
    "velocity": [ 8668.11828967394, -6772.27622858224, 0.0 ]
}
